"SampleID","SampleType","BatchID","TimePoint","AgeGroup","Gender"
"S001","ClassA","Batch1","T0","Young","Male"
"S002","ClassA","Batch1","T1","Young","Male"
"S003","ClassA","Batch1","T2","Young","Male"
"S004","ClassA","Batch1","T3","Young","Female"
"S005","ClassA","Batch1","T0","Young","Male"
"S006","ClassA","Batch1","T1","Young","Female"
"S007","ClassA","Batch1","T2","Young","Male"
"S008","ClassA","Batch1","T3","Young","Male"
"S009","ClassA","Batch1","T0","Young","Female"
"S010","ClassA","Batch1","T1","Young","Male"
"S011","ClassA","Batch1","T2","Young","Female"
"S012","ClassA","Batch1","T3","Young","Male"
"S013","ClassA","Batch1","T0","Young","Male"
"S014","ClassA","Batch1","T1","Young","Female"
"S015","ClassA","Batch1","T2","Young","Male"
"S016","ClassA","Batch1","T3","Young","Male"
"S017","ClassA","Batch1","T0","Young","Male"
"S018","ClassA","Batch1","T1","Young","Female"
"S019","ClassA","Batch1","T2","Senior","Female"
"S020","ClassA","Batch1","T3","Young","Female"
"S021","ClassA","Batch1","T0","Young","Male"
"S022","ClassA","Batch1","T1","Young","Male"
"S023","ClassA","Batch1","T2","Young","Female"
"S024","ClassA","Batch1","T3","Young","Female"
"S025","ClassA","Batch1","T0","Young","Male"
"S026","ClassA","Batch2","T1","Young","Male"
"S027","ClassA","Batch2","T2","Young","Male"
"S028","ClassA","Batch2","T3","Young","Female"
"S029","ClassA","Batch2","T0","Senior","Female"
"S030","ClassA","Batch2","T1","Young","Male"
"S031","ClassA","Batch2","T2","Young","Male"
"S032","ClassA","Batch2","T3","Young","Female"
"S033","ClassA","Batch2","T0","Young","Female"
"S034","ClassA","Batch2","T1","Young","Female"
"S035","ClassA","Batch2","T2","Young","Male"
"S036","ClassA","Batch2","T3","Young","Female"
"S037","ClassA","Batch2","T0","Young","Female"
"S038","ClassA","Batch2","T1","Young","Female"
"S039","ClassA","Batch2","T2","Young","Male"
"S040","ClassA","Batch2","T3","Senior","Male"
"S041","ClassA","Batch2","T0","Young","Female"
"S042","ClassA","Batch2","T1","Senior","Female"
"S043","ClassA","Batch2","T2","Senior","Female"
"S044","ClassA","Batch2","T3","Senior","Male"
"S045","ClassA","Batch2","T0","Young","Male"
"S046","ClassA","Batch2","T1","Young","Female"
"S047","ClassA","Batch2","T2","Young","Female"
"S048","ClassA","Batch2","T3","Senior","Male"
"S049","ClassA","Batch2","T0","Young","Female"
"S050","ClassA","Batch2","T1","Senior","Female"
"S051","ClassB","Batch3","T2","Young","Female"
"S052","ClassB","Batch3","T3","Young","Male"
"S053","ClassB","Batch3","T0","Young","Female"
"S054","ClassB","Batch3","T1","Senior","Male"
"S055","ClassB","Batch3","T2","Young","Male"
"S056","ClassB","Batch3","T3","Senior","Female"
"S057","ClassB","Batch3","T0","Senior","Male"
"S058","ClassB","Batch3","T1","Young","Female"
"S059","ClassB","Batch3","T2","Young","Female"
"S060","ClassB","Batch3","T3","Young","Female"
"S061","ClassB","Batch3","T0","Young","Male"
"S062","ClassB","Batch3","T1","Senior","Male"
"S063","ClassB","Batch3","T2","Young","Female"
"S064","ClassB","Batch3","T3","Young","Female"
"S065","ClassB","Batch3","T0","Senior","Male"
"S066","ClassB","Batch3","T1","Senior","Male"
"S067","ClassB","Batch3","T2","Senior","Female"
"S068","ClassB","Batch3","T3","Senior","Female"
"S069","ClassB","Batch3","T0","Young","Female"
"S070","ClassB","Batch3","T1","Young","Female"
"S071","ClassB","Batch3","T2","Young","Female"
"S072","ClassB","Batch3","T3","Senior","Male"
"S073","ClassB","Batch3","T0","Young","Male"
"S074","ClassB","Batch3","T1","Young","Male"
"S075","ClassB","Batch3","T2","Young","Female"
"S076","ClassB","Batch4","T3","Young","Male"
"S077","ClassB","Batch4","T0","Young","Male"
"S078","ClassB","Batch4","T1","Young","Male"
"S079","ClassB","Batch4","T2","Senior","Female"
"S080","ClassB","Batch4","T3","Senior","Male"
"S081","ClassB","Batch4","T0","Young","Female"
"S082","ClassB","Batch4","T1","Young","Male"
"S083","ClassB","Batch4","T2","Senior","Female"
"S084","ClassB","Batch4","T3","Senior","Male"
"S085","ClassB","Batch4","T0","Senior","Male"
"S086","ClassB","Batch4","T1","Young","Female"
"S087","ClassB","Batch4","T2","Senior","Female"
"S088","ClassB","Batch4","T3","Senior","Male"
"S089","ClassB","Batch4","T0","Senior","Male"
"S090","ClassB","Batch4","T1","Young","Male"
"S091","ClassB","Batch4","T2","Young","Male"
"S092","ClassB","Batch4","T3","Young","Female"
"S093","ClassB","Batch4","T0","Young","Female"
"S094","ClassB","Batch4","T1","Young","Male"
"S095","ClassB","Batch4","T2","Young","Male"
"S096","ClassB","Batch4","T3","Young","Female"
"S097","ClassB","Batch4","T0","Senior","Male"
"S098","ClassB","Batch4","T1","Young","Male"
"S099","ClassB","Batch4","T2","Senior","Female"
"S100","ClassB","Batch4","T3","Young","Male"
